Start:,0,
Length:,10006,
Sample Rate:,200000000,
0,
1,
2,
4,
5,
6,
7,
8,
9,
11,
12,
13,
14,
15,
17,
-486,
-486,
-486,
-486,
-486,
-486,
-486,
-486,
-486,
-486,
-486,
-486,
-486,
-486,
-486,
-486,
-486,
-486,
-486,
-486,
-486,
-486,
-486,
-486,
-486,
-486,
-486,
-486,
-486,
-486,
-486,
-486,
-486,
-486,
-486,
-486,
-486,
-486,
-486,
-486,
-486,
-486,
-486,
-486,
-486,
-486,
-486,
-486,
-486,
-486,
-486,
-486,
-486,
-486,
-486,
-486,
-486,
-486,
-486,
-486,
-486,
-486,
-486,
-486,
-486,
-486,
-486,
-486,
-486,
-486,
-486,
-486,
-486,
-486,
-486,
-486,
-486,
-486,
-486,
-486,
-486,
-486,
-486,
-486,
-486,
-486,
-486,
-486,
-486,
-486,
-486,
-486,
-486,
-486,
-486,
-486,
-486,
-486,
-486,
-486,
-486,
-486,
-486,
-486,
-486,
-486,
-486,
-486,
-486,
-486,
-486,
-486,
-486,
-486,
-486,
-486,
-486,
-486,
-486,
-486,
-486,
-486,
-486,
-486,
-486,
-486,
-486,
-486,
-486,
-486,
-486,
-486,
-486,
-486,
-486,
-486,
-486,
-486,
-486,
-486,
-486,
-486,
-486,
-486,
-486,
-486,
-486,
-486,
-486,
-486,
-486,
-486,
-486,
-486,
-486,
-486,
-486,
-486,
-486,
-486,
-486,
-486,
-486,
-486,
-486,
-486,
-486,
-486,
-486,
-486,
-486,
-486,
-486,
-486,
-486,
-486,
-486,
-486,
-486,
-486,
-486,
-486,
-486,
-486,
-486,
-486,
-486,
-486,
-486,
-486,
-486,
-486,
-486,
-486,
-486,
-486,
-486,
-486,
-486,
-486,
-486,
-486,
-486,
-486,
-486,
-486,
-486,
-486,
-486,
-486,
-486,
-486,
-486,
-486,
-486,
-486,
-486,
-486,
-486,
-486,
-486,
-486,
-486,
-486,
-486,
-486,
-486,
-486,
-486,
-486,
-486,
-486,
-486,
-486,
-486,
-486,
-486,
-486,
-486,
-486,
-486,
-486,
-486,
-486,
-486,
-486,
-486,
-486,
-486,
-486,
-486,
-486,
-486,
-486,
-486,
-486,
-486,
-486,
-486,
-486,
-486,
-486,
-486,
-486,
-486,
-486,
-486,
-486,
-486,
-486,
-486,
-486,
-486,
-486,
-486,
-486,
-486,
-486,
-486,
-486,
-486,
-486,
-486,
-486,
-486,
-486,
-486,
-486,
-486,
-486,
-486,
-486,
-486,
-486,
-486,
-486,
-486,
-486,
-486,
-486,
-486,
-486,
-486,
-486,
-486,
-486,
-486,
-486,
-486,
-486,
-486,
-486,
-486,
-486,
-486,
-486,
-486,
-486,
-486,
-486,
-486,
-486,
-486,
-486,
-486,
-486,
-486,
-486,
-486,
-486,
-486,
-486,
-486,
-486,
-486,
-486,
-486,
-486,
-486,
-486,
-486,
-486,
-486,
-486,
-486,
-486,
-486,
-486,
-486,
-486,
-486,
-486,
-486,
-486,
-486,
-486,
-486,
-486,
-486,
-486,
-486,
-486,
-486,
-486,
-486,
-486,
-486,
-486,
-486,
-486,
-486,
-486,
-486,
-486,
-486,
-486,
-486,
-486,
-486,
-486,
-486,
-486,
-486,
-486,
-486,
-486,
-486,
-486,
-486,
-486,
-486,
-486,
-486,
-486,
-486,
-486,
-486,
-486,
-486,
-486,
-486,
-486,
-486,
-486,
-486,
-486,
-486,
-486,
-486,
-486,
-486,
-486,
-486,
-486,
-486,
-486,
-486,
-486,
-486,
-486,
-486,
-486,
-486,
-486,
-486,
-486,
-486,
-486,
-486,
-486,
-486,
-486,
-486,
-486,
-486,
-486,
-486,
-486,
-486,
-486,
-486,
-486,
-486,
-486,
-486,
-486,
-486,
-486,
-486,
-486,
-486,
-486,
-486,
-486,
-486,
-486,
-486,
-486,
-486,
-486,
-486,
-486,
-486,
-486,
-486,
-486,
-486,
-486,
-486,
-486,
-486,
-486,
-486,
-486,
-486,
-486,
-486,
-486,
-486,
-486,
-486,
-486,
-486,
-486,
-486,
-486,
-486,
-486,
-486,
-486,
-486,
-486,
-486,
-486,
-486,
-486,
-486,
-486,
-486,
-486,
-486,
-486,
-486,
-486,
-486,
-486,
-486,
-486,
-486,
-486,
-486,
-486,
-486,
-486,
-486,
-486,
-486,
-486,
-486,
-486,
-486,
-486,
-486,
-486,
-486,
-486,
-486,
-486,
-486,
-486,
-486,
-486,
-486,
-486,
-486,
-486,
-486,
-486,
-486,
-486,
-486,
-486,
-486,
-486,
-486,
-486,
-486,
-486,
-486,
-486,
-486,
-486,
-486,
-486,
-486,
-486,
-486,
-486,
-486,
-486,
-486,
-486,
-486,
-486,
-486,
-486,
-486,
-486,
-486,
-486,
-486,
-486,
-486,
-486,
-486,
-486,
-486,
-486,
-486,
-486,
-486,
-486,
-486,
-486,
-486,
-486,
-486,
-486,
-486,
-486,
-486,
-486,
-486,
-486,
-486,
-486,
-486,
-486,
-486,
-486,
-486,
-486,
-486,
-486,
-486,
-486,
-486,
-486,
-486,
-486,
-486,
-486,
-486,
-486,
-486,
-486,
-486,
-486,
-486,
-486,
-486,
-486,
-486,
-486,
-486,
-486,
-486,
-486,
-486,
-486,
-486,
-486,
-486,
-486,
-486,
-486,
-486,
-486,
-486,
-486,
-486,
-486,
-486,
-486,
-486,
-486,
-486,
-486,
-486,
-486,
-486,
-486,
-486,
-486,
-486,
-486,
-486,
-486,
-486,
-486,
-486,
-486,
-486,
-486,
-486,
-486,
-486,
-486,
-486,
-486,
-486,
-486,
-486,
-486,
-486,
-486,
-486,
-486,
-486,
-486,
-486,
-486,
-486,
-486,
-486,
-486,
-486,
-486,
-486,
-486,
-486,
-486,
-486,
-486,
-486,
-486,
-486,
-486,
-486,
-486,
-486,
-486,
-486,
-486,
-486,
-486,
-486,
-486,
-486,
-486,
-486,
-486,
-486,
-486,
-486,
-486,
-486,
-486,
-486,
-486,
-486,
-486,
-486,
-486,
-486,
-486,
-486,
-486,
-486,
-486,
-486,
-486,
-486,
-486,
-486,
-486,
-486,
-486,
-486,
-486,
-486,
-486,
-486,
-486,
-486,
-486,
-486,
-486,
-486,
-486,
-486,
-486,
-486,
-486,
-486,
-486,
-486,
-486,
-486,
-486,
-486,
-486,
-486,
-486,
-486,
-486,
-486,
-486,
-486,
-486,
-486,
-486,
-486,
-486,
-486,
-486,
-486,
-486,
-486,
-486,
-486,
-486,
-486,
-486,
-486,
-486,
-486,
-486,
-486,
-486,
-486,
-486,
-486,
-486,
-486,
-486,
-486,
-486,
-486,
-486,
-486,
-486,
-486,
-486,
-486,
-486,
-486,
-486,
-486,
-486,
-486,
-486,
-486,
-486,
-486,
-486,
-486,
-486,
-486,
-486,
-486,
-486,
-486,
-486,
-486,
-486,
-486,
-486,
-486,
-486,
-486,
-486,
-486,
-486,
-486,
-486,
-486,
-486,
-486,
-486,
-486,
-486,
-486,
-486,
-486,
-486,
-486,
-486,
-486,
-486,
-486,
-486,
-486,
-486,
-486,
-486,
-486,
-486,
-486,
-486,
-486,
-486,
-486,
-486,
-486,
-486,
-486,
-486,
-486,
-486,
-486,
-486,
-486,
-486,
-486,
-486,
-486,
-486,
-486,
-486,
-486,
-486,
-486,
-486,
-486,
-486,
-486,
-486,
-486,
-486,
-486,
-486,
-486,
-486,
-486,
-486,
-486,
-486,
-486,
-486,
-486,
-486,
-486,
-486,
-486,
-486,
-486,
-486,
-486,
-486,
-486,
-486,
-486,
-486,
-486,
-486,
-486,
-486,
-486,
-486,
-486,
-486,
-486,
-486,
-486,
-486,
-486,
-486,
-486,
-486,
-486,
-486,
-486,
-486,
-486,
-486,
-486,
-486,
-486,
-456,
-451,
-447,
-442,
-438,
-434,
-429,
-425,
-421,
-416,
-412,
-407,
-403,
-399,
-394,
-385,
-375,
-366,
-356,
-347,
-337,
-328,
-319,
-309,
-300,
-290,
-281,
-271,
-270,
-269,
-268,
-267,
-265,
-264,
-263,
-262,
-261,
-259,
-258,
-257,
-256,
-255,
-254,
-252,
-251,
-250,
-249,
-248,
-246,
-245,
-244,
-243,
-242,
-241,
-236,
-232,
-227,
-223,
-219,
-214,
-210,
-205,
-201,
-197,
-192,
-188,
-183,
-118,
-115,
-113,
-110,
-108,
-106,
-103,
-101,
-99,
-96,
-94,
-92,
-89,
-25,
-23,
-21,
-18,
-16,
-14,
-11,
-9,
-6,
-4,
-2,
1,
3,
36,
38,
41,
43,
46,
48,
50,
53,
55,
57,
60,
62,
64,
98,
100,
102,
104,
106,
109,
111,
113,
115,
117,
119,
122,
124,
126,
220,
220,
220,
220,
220,
220,
220,
220,
220,
220,
220,
220,
220,
251,
256,
261,
265,
270,
275,
280,
284,
289,
294,
298,
303,
308,
313,
315,
317,
320,
322,
324,
327,
329,
332,
334,
336,
339,
341,
343,
348,
353,
358,
362,
367,
372,
377,
381,
386,
391,
395,
400,
466,
473,
480,
486,
493,
499,
506,
512,
519,
526,
532,
539,
545,
552,
589,
592,
594,
596,
599,
601,
603,
606,
608,
611,
613,
615,
618,
620,
622,
625,
627,
629,
632,
634,
637,
639,
641,
644,
646,
648,
651,
655,
660,
665,
670,
674,
679,
684,
689,
693,
698,
703,
707,
774,
776,
778,
780,
782,
785,
787,
789,
791,
793,
796,
798,
800,
802,
866,
868,
871,
873,
875,
878,
880,
882,
885,
887,
890,
892,
894,
897,
899,
901,
904,
906,
908,
911,
913,
916,
918,
920,
923,
925,
958,
960,
963,
965,
968,
970,
972,
975,
977,
979,
982,
984,
986,
1050,
1050,
1050,
1050,
1050,
1050,
1050,
1050,
1050,
1050,
1050,
1050,
1050,
1050,
1112,
1112,
1112,
1112,
1112,
1112,
1112,
1112,
1112,
1112,
1112,
1112,
1112,
1173,
1176,
1178,
1180,
1183,
1185,
1187,
1190,
1192,
1194,
1197,
1199,
1202,
1235,
1237,
1239,
1242,
1244,
1246,
1249,
1251,
1254,
1256,
1258,
1261,
1263,
1327,
1329,
1332,
1334,
1336,
1339,
1341,
1343,
1346,
1348,
1351,
1353,
1355,
1419,
1421,
1423,
1426,
1428,
1430,
1432,
1434,
1437,
1439,
1441,
1443,
1445,
1448,
1511,
1514,
1516,
1518,
1521,
1523,
1525,
1528,
1530,
1533,
1535,
1537,
1540,
1542,
1543,
1544,
1546,
1547,
1548,
1549,
1550,
1551,
1553,
1554,
1555,
1556,
1557,
1559,
1560,
1561,
1562,
1563,
1564,
1566,
1567,
1568,
1569,
1570,
1572,
1573,
1577,
1582,
1586,
1590,
1595,
1599,
1603,
1608,
1612,
1617,
1621,
1625,
1630,
1665,
1670,
1674,
1679,
1684,
1689,
1693,
1698,
1703,
1707,
1712,
1717,
1722,
1726,
1729,
1731,
1733,
1736,
1738,
1741,
1743,
1745,
1748,
1750,
1752,
1755,
1757,
1762,
1767,
1771,
1776,
1781,
1785,
1790,
1795,
1800,
1804,
1809,
1814,
1880,
1882,
1884,
1887,
1889,
1891,
1893,
1895,
1898,
1900,
1902,
1904,
1906,
1909,
1911,
1918,
1925,
1932,
1939,
1946,
1953,
1960,
1968,
1975,
1982,
1989,
1996,
2003,
2008,
2012,
2017,
2022,
2027,
2031,
2036,
2041,
2046,
2050,
2055,
2060,
2064,
2072,
2079,
2086,
2093,
2100,
2107,
2114,
2121,
2128,
2135,
2142,
2150,
2157,
2159,
2161,
2163,
2165,
2168,
2170,
2172,
2174,
2176,
2179,
2181,
2183,
2185,
2187,
2190,
2192,
2194,
2197,
2199,
2202,
2204,
2206,
2209,
2211,
2213,
2216,
2218,
2220,
2223,
2225,
2228,
2230,
2232,
2235,
2237,
2239,
2242,
2244,
2246,
2249,
2251,
2254,
2256,
2258,
2261,
2263,
2265,
2268,
2270,
2272,
2275,
2277,
2280,
2282,
2284,
2287,
2289,
2291,
2294,
2296,
2298,
2301,
2303,
2306,
2308,
2341,
2343,
2345,
2348,
2350,
2352,
2354,
2356,
2359,
2361,
2363,
2365,
2367,
2370,
2372,
2377,
2381,
2386,
2391,
2395,
2400,
2405,
2410,
2414,
2419,
2424,
2429,
2464,
2466,
2469,
2471,
2473,
2476,
2478,
2481,
2483,
2485,
2488,
2490,
2492,
2495,
2497,
2499,
2502,
2504,
2507,
2509,
2511,
2514,
2516,
2518,
2521,
2523,
2525,
2530,
2534,
2539,
2543,
2547,
2552,
2556,
2561,
2565,
2569,
2574,
2578,
2583,
2618,
2625,
2632,
2639,
2646,
2653,
2660,
2667,
2674,
2681,
2689,
2696,
2703,
2710,
2715,
2719,
2724,
2729,
2733,
2738,
2743,
2748,
2752,
2757,
2762,
2767,
2771,
2775,
2778,
2782,
2785,
2788,
2792,
2795,
2799,
2802,
2805,
2809,
2812,
2816,
2819,
2823,
2826,
2829,
2833,
2836,
2840,
2843,
2846,
2850,
2853,
2857,
2860,
2864,
2866,
2868,
2871,
2873,
2875,
2878,
2880,
2882,
2885,
2887,
2890,
2892,
2894,
2897,
2899,
2901,
2904,
2906,
2908,
2911,
2913,
2916,
2918,
2920,
2923,
2986,
2991,
2996,
3001,
3005,
3010,
3015,
3020,
3024,
3029,
3034,
3038,
3043,
3048,
3050,
3053,
3055,
3057,
3060,
3062,
3064,
3067,
3069,
3072,
3074,
3076,
3109,
3112,
3114,
3116,
3118,
3120,
3123,
3125,
3127,
3129,
3131,
3134,
3136,
3138,
3171,
3178,
3185,
3192,
3199,
3206,
3213,
3220,
3228,
3235,
3242,
3249,
3256,
3294,
3298,
3303,
3308,
3313,
3317,
3322,
3327,
3332,
3336,
3341,
3346,
3351,
3417,
3424,
3431,
3438,
3445,
3452,
3459,
3466,
3473,
3481,
3488,
3495,
3502,
3509,
3511,
3513,
3516,
3518,
3520,
3523,
3525,
3527,
3529,
3532,
3534,
3536,
3538,
3541,
3543,
3545,
3548,
3550,
3552,
3554,
3557,
3559,
3561,
3564,
3566,
3568,
3570,
3577,
3585,
3592,
3599,
3606,
3613,
3620,
3627,
3634,
3641,
3648,
3655,
3693,
3696,
3698,
3700,
3703,
3705,
3707,
3710,
3712,
3715,
3717,
3719,
3722,
3785,
3788,
3790,
3792,
3794,
3796,
3799,
3801,
3803,
3805,
3807,
3810,
3812,
3814,
3847,
3852,
3856,
3861,
3866,
3871,
3875,
3880,
3885,
3890,
3894,
3899,
3904,
3970,
3972,
3975,
3977,
3979,
3982,
3984,
3986,
3989,
3991,
3994,
3996,
3998,
4062,
4064,
4067,
4069,
4072,
4074,
4076,
4079,
4081,
4083,
4086,
4088,
4090,
4093,
4098,
4102,
4107,
4112,
4116,
4121,
4126,
4131,
4135,
4140,
4145,
4150,
4216,
4220,
4225,
4229,
4233,
4238,
4242,
4246,
4251,
4255,
4260,
4264,
4268,
4273,
4308,
4313,
4317,
4322,
4327,
4332,
4336,
4341,
4346,
4351,
4355,
4360,
4365,
4400,
4407,
4414,
4421,
4429,
4436,
4443,
4450,
4457,
4464,
4471,
4478,
4485,
4554,
4556,
4559,
4561,
4563,
4566,
4568,
4570,
4573,
4575,
4577,
4580,
4582,
4615,
4617,
4620,
4622,
4624,
4626,
4628,
4631,
4633,
4635,
4637,
4639,
4642,
4644,
4646,
4648,
4651,
4653,
4655,
4658,
4660,
4663,
4665,
4667,
4670,
4672,
4674,
4677,
4679,
4681,
4684,
4686,
4689,
4691,
4693,
4696,
4698,
4700,
4703,
4705,
4738,
4741,
4743,
4745,
4748,
4750,
4752,
4755,
4757,
4759,
4762,
4764,
4767,
4830,
4833,
4835,
4837,
4839,
4841,
4844,
4846,
4848,
4850,
4852,
4855,
4857,
4859,
4953,
4958,
4963,
4968,
4972,
4977,
4982,
4986,
4991,
4996,
5001,
5005,
5010,
5046,
5048,
5050,
5053,
5055,
5057,
5060,
5062,
5064,
5067,
5069,
5072,
5074,
5138,
5142,
5147,
5152,
5157,
5161,
5166,
5171,
5176,
5180,
5185,
5190,
5194,
5199,
5202,
5204,
5206,
5209,
5211,
5213,
5216,
5218,
5220,
5223,
5225,
5228,
5230,
5241,
5252,
5263,
5274,
5285,
5296,
5307,
5318,
5329,
5340,
5351,
5362,
5373,
5384,
5391,
5398,
5405,
5412,
5419,
5426,
5433,
5440,
5447,
5455,
5462,
5469,
5507,
5509,
5511,
5514,
5516,
5518,
5521,
5523,
5525,
5528,
5530,
5533,
5535,
5629,
5629,
5629,
5629,
5629,
5629,
5629,
5629,
5629,
5629,
5629,
5629,
5629,
5722,
5722,
5722,
5722,
5722,
5722,
5722,
5722,
5722,
5722,
5722,
5722,
5722,
5722,
5722,
5722,
5722,
5722,
5722,
5722,
5722,
5722,
5722,
5722,
5722,
5722,
5722,
6306,
6310,
6315,
6320,
6325,
6329,
6334,
6339,
6343,
6348,
6353,
6358,
6362,
6367,
6372,
6377,
6381,
6386,
6391,
6395,
6400,
6405,
6410,
6414,
6419,
6424,
6551,
6560,
6569,
6578,
6587,
6595,
6604,
6613,
6622,
6630,
6639,
6648,
6657,
6666,
6797,
6802,
6807,
6812,
6816,
6821,
6826,
6830,
6835,
6840,
6845,
6849,
6854,
6859,
6864,
6868,
6873,
6878,
6882,
6887,
6892,
6897,
6901,
6906,
6911,
6916,
6920,
6930,
6939,
6949,
6958,
6968,
6977,
6986,
6996,
7005,
7015,
7024,
7034,
7105,
7109,
7114,
7119,
7124,
7128,
7133,
7138,
7142,
7147,
7152,
7157,
7161,
7166,
7168,
7171,
7173,
7175,
7177,
7179,
7181,
7184,
7186,
7188,
7190,
7192,
7195,
7412,
7412,
7412,
7412,
7412,
7412,
7412,
7412,
7412,
7412,
7412,
7412,
7412,
7443,
7443,
7443,
7443,
7443,
7443,
7443,
7443,
7443,
7443,
7443,
7443,
7443,
7473,
7475,
7477,
7478,
7480,
7481,
7483,
7484,
7486,
7487,
7489,
7490,
7492,
7493,
7495,
7497,
7498,
7500,
7501,
7503,
7504,
7506,
7507,
7509,
7510,
7512,
7513,
7515,
7516,
7518,
7520,
7521,
7523,
7524,
7526,
7527,
7529,
7530,
7532,
7533,
7535,
7540,
7544,
7549,
7554,
7559,
7563,
7568,
7573,
7577,
7582,
7587,
7592,
7596,
7601,
7606,
7611,
7615,
7620,
7625,
7629,
7634,
7639,
7644,
7648,
7653,
7658,
7660,
7661,
7663,
7665,
7667,
7668,
7670,
7672,
7674,
7675,
7677,
7679,
7680,
7682,
7684,
7686,
7687,
7689,
7691,
7693,
7694,
7696,
7698,
7700,
7701,
7703,
7705,
7707,
7708,
7710,
7712,
7714,
7715,
7717,
7719,
7720,
7722,
7724,
7726,
7727,
7729,
7731,
7733,
7734,
7736,
7738,
7740,
7741,
7743,
7745,
7747,
7748,
7750,
7752,
7755,
7757,
7759,
7761,
7764,
7766,
7768,
7771,
7773,
7775,
7777,
7780,
7782,
7784,
7786,
7789,
7791,
7793,
7796,
7798,
7800,
7802,
7805,
7807,
7809,
7812,
7812,
7812,
7812,
7812,
7812,
7812,
7812,
7812,
7812,
7812,
7812,
7812,
7812,
7812,
7812,
7812,
7812,
7812,
7812,
7812,
7812,
7812,
7812,
7812,
7812,
7812,
7812,
7812,
7812,
7812,
7812,
7812,
7812,
7812,
7812,
7812,
7812,
7812,
7812,
7812,
7812,
7812,
7812,
7812,
7812,
7812,
7812,
7812,
7812,
7812,
7812,
7812,
7812,
7812,
7812,
7812,
7812,
7812,
7812,
7812,
7812,
7812,
7812,
7812,
7812,
7812,
7812,
7812,
7812,
7812,
7812,
7812,
7812,
7812,
7812,
7812,
7812,
7812,
7812,
7812,
7812,
7812,
7812,
7812,
7812,
7812,
7812,
7812,
7812,
7812,
7812,
7812,
7812,
7812,
7812,
7812,
7812,
7812,
7812,
7812,
7812,
7812,
7812,
7812,
7812,
7812,
7812,
7812,
7812,
7812,
7812,
7812,
7812,
7812,
7812,
7812,
7812,
7812,
7812,
7809,
7807,
7804,
7802,
7800,
7797,
7795,
7793,
7790,
7788,
7786,
7783,
7781,
7781,
7781,
7781,
7781,
7781,
7781,
7781,
7781,
7781,
7781,
7781,
7781,
7781,
7778,
7776,
7774,
7771,
7769,
7767,
7764,
7762,
7760,
7757,
7755,
7752,
7750,
7750,
7750,
7750,
7750,
7750,
7750,
7750,
7750,
7750,
7750,
7750,
7750,
7750,
7750,
7748,
7745,
7743,
7741,
7738,
7736,
7734,
7731,
7729,
7726,
7724,
7722,
7719,
7717,
7715,
7712,
7710,
7707,
7705,
7703,
7700,
7698,
7696,
7693,
7691,
7689,
7689,
7689,
7689,
7689,
7689,
7689,
7689,
7689,
7689,
7689,
7689,
7689,
7658,
7658,
7658,
7658,
7658,
7658,
7658,
7658,
7658,
7658,
7658,
7658,
7658,
7658,
7658,
7655,
7653,
7651,
7648,
7646,
7644,
7641,
7639,
7637,
7634,
7632,
7629,
7627,
7627,
7627,
7627,
7627,
7627,
7627,
7627,
7627,
7627,
7627,
7627,
7627,
7596,
7596,
7596,
7596,
7596,
7596,
7596,
7596,
7596,
7596,
7596,
7596,
7596,
7596,
7594,
7592,
7590,
7588,
7585,
7583,
7581,
7579,
7577,
7574,
7572,
7570,
7568,
7566,
7566,
7566,
7566,
7566,
7566,
7566,
7566,
7566,
7566,
7566,
7566,
7566,
7566,
7563,
7561,
7559,
7556,
7554,
7551,
7549,
7547,
7544,
7542,
7540,
7537,
7535,
7535,
7535,
7535,
7535,
7535,
7535,
7535,
7535,
7535,
7535,
7535,
7535,
7535,
7533,
7530,
7528,
7525,
7523,
7521,
7518,
7516,
7514,
7511,
7509,
7507,
7473,
7473,
7473,
7473,
7473,
7473,
7473,
7473,
7473,
7473,
7473,
7473,
7473,
7473,
7473,
7471,
7469,
7466,
7464,
7462,
7459,
7457,
7455,
7452,
7450,
7447,
7445,
7443,
7443,
7443,
7443,
7443,
7443,
7443,
7443,
7443,
7443,
7443,
7443,
7443,
7412,
7412,
7412,
7412,
7412,
7412,
7412,
7412,
7412,
7412,
7412,
7412,
7412,
7412,
7410,
7408,
7405,
7403,
7401,
7399,
7397,
7394,
7392,
7390,
7388,
7386,
7383,
7381,
7381,
7381,
7381,
7381,
7381,
7381,
7381,
7381,
7381,
7381,
7381,
7381,
7351,
7351,
7351,
7351,
7351,
7351,
7351,
7351,
7351,
7351,
7351,
7351,
7351,
7320,
7317,
7315,
7313,
7310,
7308,
7306,
7303,
7301,
7299,
7296,
7294,
7291,
7289,
7289,
7289,
7289,
7289,
7289,
7289,
7289,
7289,
7289,
7289,
7289,
7289,
7289,
7289,
7287,
7284,
7282,
7280,
7277,
7275,
7273,
7270,
7268,
7265,
7263,
7261,
7258,
7256,
7254,
7251,
7249,
7247,
7244,
7242,
7239,
7237,
7235,
7232,
7230,
7228,
7225,
7223,
7220,
7218,
7216,
7213,
7211,
7209,
7206,
7204,
7202,
7199,
7166,
7165,
7165,
7164,
7163,
7162,
7162,
7161,
7160,
7159,
7158,
7158,
7157,
7156,
7155,
7155,
7154,
7153,
7152,
7152,
7151,
7150,
7149,
7148,
7148,
7147,
7146,
7145,
7145,
7144,
7143,
7142,
7142,
7141,
7140,
7139,
7138,
7138,
7137,
7136,
7135,
7132,
7128,
7125,
7121,
7118,
7114,
7111,
7107,
7103,
7100,
7096,
7093,
7089,
7086,
7082,
7079,
7075,
7072,
7068,
7064,
7061,
7057,
7054,
7050,
7047,
7043,
7041,
7039,
7037,
7034,
7032,
7030,
7028,
7026,
7023,
7021,
7019,
7017,
7015,
7012,
7010,
7008,
7005,
7003,
7001,
6998,
6996,
6994,
6991,
6989,
6986,
6984,
6982,
6979,
6977,
6975,
6972,
6970,
6968,
6965,
6963,
6960,
6958,
6956,
6953,
6951,
6949,
6946,
6944,
6942,
6939,
6937,
6934,
6932,
6930,
6927,
6925,
6923,
6920,
6920,
6920,
6920,
6920,
6920,
6920,
6920,
6920,
6920,
6920,
6920,
6920,
6920,
6920,
6918,
6916,
6913,
6911,
6908,
6906,
6904,
6901,
6899,
6897,
6894,
6892,
6859,
6859,
6859,
6859,
6859,
6859,
6859,
6859,
6859,
6859,
6859,
6859,
6859,
6828,
6828,
6828,
6828,
6828,
6828,
6828,
6828,
6828,
6828,
6828,
6828,
6828,
6828,
6826,
6824,
6821,
6819,
6817,
6815,
6813,
6810,
6808,
6806,
6804,
6802,
6800,
6767,
6764,
6762,
6760,
6757,
6755,
6752,
6750,
6748,
6745,
6743,
6741,
6738,
6736,
6733,
6731,
6729,
6726,
6724,
6722,
6719,
6717,
6715,
6712,
6710,
6707,
6705,
6704,
6702,
6701,
6699,
6697,
6696,
6694,
6693,
6691,
6690,
6688,
6687,
6685,
6684,
6682,
6681,
6679,
6677,
6676,
6674,
6673,
6671,
6670,
6668,
6667,
6665,
6664,
6662,
6661,
6659,
6657,
6656,
6654,
6653,
6651,
6650,
6648,
6647,
6645,
6644,
6637,
6629,
6622,
6615,
6608,
6601,
6594,
6587,
6580,
6573,
6566,
6559,
6551,
6550,
6549,
6548,
6547,
6546,
6544,
6543,
6542,
6541,
6540,
6538,
6537,
6536,
6535,
6534,
6533,
6531,
6530,
6529,
6528,
6527,
6525,
6524,
6523,
6522,
6521,
6518,
6516,
6514,
6512,
6509,
6507,
6505,
6502,
6500,
6498,
6495,
6493,
6491,
6488,
6486,
6484,
6482,
6479,
6477,
6475,
6472,
6470,
6468,
6465,
6463,
6461,
6458,
6456,
6454,
6452,
6449,
6447,
6445,
6442,
6440,
6438,
6435,
6433,
6431,
6429,
6424,
6419,
6414,
6410,
6405,
6400,
6395,
6391,
6386,
6381,
6377,
6372,
6367,
6366,
6366,
6365,
6364,
6363,
6362,
6362,
6361,
6360,
6359,
6359,
6358,
6357,
6356,
6356,
6355,
6354,
6353,
6352,
6352,
6351,
6350,
6349,
6349,
6348,
6347,
6346,
6346,
6345,
6344,
6343,
6342,
6342,
6341,
6340,
6339,
6339,
6338,
6337,
6336,
6334,
6332,
6329,
6327,
6325,
6322,
6320,
6317,
6315,
6313,
6310,
6308,
6306,
6299,
6291,
6284,
6277,
6270,
6263,
6256,
6249,
6242,
6235,
6228,
6220,
6213,
6211,
6209,
6207,
6204,
6202,
6200,
6197,
6195,
6193,
6191,
6188,
6186,
6184,
6182,
6179,
6177,
6175,
6172,
6170,
6168,
6166,
6163,
6161,
6159,
6156,
6154,
6152,
6150,
6147,
6145,
6142,
6140,
6138,
6135,
6133,
6131,
6128,
6126,
6124,
6121,
6120,
6118,
6117,
6115,
6114,
6112,
6110,
6109,
6107,
6106,
6104,
6103,
6101,
6100,
6098,
6097,
6095,
6094,
6092,
6090,
6089,
6087,
6086,
6084,
6083,
6081,
6080,
6078,
6077,
6075,
6074,
6072,
6070,
6069,
6067,
6066,
6064,
6063,
6061,
6060,
6057,
6055,
6053,
6050,
6048,
6046,
6043,
6041,
6038,
6036,
6034,
6031,
6029,
6026,
6022,
6019,
6015,
6012,
6009,
6005,
6002,
5998,
5995,
5991,
5988,
5985,
5981,
5978,
5974,
5971,
5968,
5964,
5961,
5957,
5954,
5950,
5947,
5944,
5940,
5906,
5906,
5906,
5906,
5906,
5906,
5906,
5906,
5906,
5906,
5906,
5906,
5906,
5875,
5873,
5871,
5868,
5866,
5864,
5861,
5859,
5856,
5854,
5852,
5849,
5847,
5845,
5842,
5840,
5838,
5835,
5833,
5830,
5828,
5826,
5823,
5821,
5819,
5816,
5783,
5783,
5783,
5783,
5783,
5783,
5783,
5783,
5783,
5783,
5783,
5783,
5783,
5783,
5781,
5779,
5777,
5774,
5772,
5770,
5768,
5766,
5763,
5761,
5759,
5757,
5755,
5752,
5750,
5748,
5745,
5743,
5741,
5738,
5736,
5733,
5731,
5729,
5726,
5724,
5691,
5691,
5691,
5691,
5691,
5691,
5691,
5691,
5691,
5691,
5691,
5691,
5691,
5660,
5660,
5660,
5660,
5660,
5660,
5660,
5660,
5660,
5660,
5660,
5660,
5660,
5660,
5658,
5656,
5654,
5651,
5649,
5647,
5645,
5643,
5640,
5638,
5636,
5634,
5632,
5629,
5627,
5625,
5622,
5620,
5618,
5615,
5613,
5611,
5608,
5606,
5603,
5601,
5568,
5568,
5568,
5568,
5568,
5568,
5568,
5568,
5568,
5568,
5568,
5568,
5568,
5568,
5566,
5563,
5561,
5559,
5556,
5554,
5552,
5550,
5547,
5545,
5543,
5540,
5538,
5536,
5533,
5531,
5529,
5527,
5524,
5522,
5520,
5517,
5515,
5513,
5510,
5508,
5506,
5503,
5501,
5499,
5497,
5494,
5492,
5490,
5487,
5485,
5483,
5480,
5478,
5476,
5476,
5476,
5476,
5476,
5476,
5476,
5476,
5476,
5476,
5476,
5476,
5476,
5476,
5473,
5471,
5469,
5466,
5464,
5462,
5459,
5457,
5455,
5452,
5450,
5447,
5445,
5443,
5440,
5438,
5436,
5433,
5431,
5429,
5426,
5424,
5421,
5419,
5417,
5414,
5413,
5412,
5411,
5410,
5409,
5408,
5406,
5405,
5404,
5403,
5402,
5401,
5400,
5398,
5397,
5396,
5395,
5394,
5393,
5392,
5390,
5389,
5388,
5387,
5386,
5385,
5384,
5381,
5379,
5377,
5374,
5372,
5369,
5367,
5365,
5362,
5360,
5358,
5355,
5353,
5352,
5351,
5349,
5348,
5347,
5346,
5345,
5344,
5343,
5341,
5340,
5339,
5338,
5337,
5336,
5335,
5334,
5332,
5331,
5330,
5329,
5328,
5327,
5326,
5324,
5323,
5322,
5320,
5317,
5315,
5313,
5310,
5308,
5306,
5303,
5301,
5299,
5296,
5294,
5291,
5290,
5288,
5287,
5285,
5284,
5282,
5281,
5279,
5278,
5276,
5275,
5273,
5271,
5270,
5268,
5267,
5265,
5264,
5262,
5261,
5259,
5258,
5256,
5255,
5253,
5251,
5250,
5248,
5247,
5245,
5244,
5242,
5241,
5239,
5238,
5236,
5235,
5233,
5231,
5230,
5228,
5225,
5223,
5220,
5218,
5216,
5213,
5211,
5209,
5206,
5204,
5202,
5199,
5198,
5197,
5196,
5194,
5193,
5192,
5191,
5190,
5189,
5187,
5186,
5185,
5184,
5183,
5181,
5180,
5179,
5178,
5177,
5176,
5174,
5173,
5172,
5171,
5170,
5168,
5166,
5164,
5162,
5159,
5157,
5155,
5153,
5150,
5148,
5146,
5143,
5141,
5139,
5137,
5134,
5132,
5130,
5128,
5125,
5123,
5121,
5118,
5116,
5114,
5112,
5109,
5107,
5105,
5102,
5100,
5098,
5095,
5093,
5090,
5088,
5086,
5083,
5081,
5079,
5076,
5074,
5072,
5069,
5067,
5064,
5062,
5060,
5057,
5055,
5053,
5050,
5048,
5046,
5043,
5041,
5038,
5036,
5034,
5031,
5029,
5027,
5024,
5022,
5020,
5017,
5015,
5013,
5010,
5008,
5006,
5004,
5002,
4999,
4997,
4995,
4993,
4991,
4988,
4986,
4984,
4984,
4984,
4984,
4984,
4984,
4984,
4984,
4984,
4984,
4984,
4984,
4984,
4953,
4953,
4953,
4953,
4953,
4953,
4953,
4953,
4953,
4953,
4953,
4953,
4953,
4953,
4951,
4949,
4946,
4944,
4942,
4939,
4937,
4934,
4932,
4930,
4927,
4925,
4923,
4920,
4918,
4916,
4914,
4912,
4909,
4907,
4905,
4903,
4901,
4898,
4896,
4894,
4892,
4890,
4887,
4885,
4882,
4880,
4878,
4875,
4873,
4871,
4868,
4866,
4864,
4861,
4860,
4860,
4859,
4858,
4857,
4856,
4856,
4855,
4854,
4853,
4852,
4852,
4851,
4850,
4849,
4849,
4848,
4847,
4846,
4845,
4845,
4844,
4843,
4842,
4841,
4841,
4840,
4839,
4838,
4838,
4837,
4836,
4835,
4834,
4834,
4833,
4832,
4831,
4830,
4829,
4828,
4827,
4826,
4825,
4823,
4822,
4821,
4820,
4819,
4818,
4817,
4815,
4814,
4813,
4812,
4811,
4810,
4808,
4807,
4806,
4805,
4804,
4803,
4801,
4800,
4799,
4798,
4797,
4796,
4794,
4793,
4792,
4791,
4790,
4789,
4788,
4786,
4785,
4784,
4783,
4782,
4781,
4779,
4778,
4777,
4776,
4775,
4774,
4772,
4771,
4770,
4769,
4765,
4760,
4756,
4751,
4747,
4743,
4738,
4734,
4729,
4725,
4721,
4716,
4712,
4707,
4707,
4706,
4705,
4704,
4704,
4703,
4702,
4701,
4700,
4700,
4699,
4698,
4697,
4696,
4696,
4695,
4694,
4693,
4693,
4692,
4691,
4690,
4689,
4689,
4688,
4687,
4686,
4685,
4685,
4684,
4683,
4682,
4681,
4681,
4680,
4679,
4678,
4678,
4677,
4675,
4672,
4670,
4668,
4666,
4664,
4661,
4659,
4657,
4655,
4653,
4650,
4648,
4646,
4645,
4644,
4642,
4641,
4640,
4639,
4638,
4637,
4635,
4634,
4633,
4632,
4631,
4629,
4628,
4627,
4626,
4625,
4624,
4622,
4621,
4620,
4619,
4618,
4616,
4615,
4613,
4611,
4608,
4606,
4603,
4601,
4599,
4596,
4594,
4592,
4589,
4587,
4585,
4582,
4580,
4577,
4575,
4573,
4570,
4568,
4566,
4563,
4561,
4559,
4556,
4554,
4553,
4552,
4550,
4549,
4548,
4547,
4546,
4545,
4544,
4542,
4541,
4540,
4539,
4538,
4537,
4536,
4534,
4533,
4532,
4531,
4530,
4529,
4528,
4527,
4525,
4524,
4523,
4518,
4514,
4509,
4504,
4499,
4495,
4490,
4485,
4481,
4476,
4471,
4466,
4462,
4460,
4459,
4458,
4457,
4456,
4455,
4454,
4453,
4451,
4450,
4449,
4448,
4447,
4446,
4445,
4443,
4442,
4441,
4440,
4439,
4438,
4437,
4435,
4434,
4433,
4432,
4431,
4429,
4426,
4424,
4421,
4419,
4417,
4414,
4412,
4410,
4407,
4405,
4403,
4400,
4398,
4395,
4393,
4391,
4388,
4386,
4384,
4381,
4379,
4377,
4374,
4372,
4369,
4367,
4365,
4362,
4360,
4358,
4355,
4353,
4351,
4348,
4346,
4343,
4341,
4339,
4336,
4334,
4332,
4330,
4328,
4326,
4323,
4321,
4319,
4317,
4315,
4312,
4310,
4308,
4306,
4303,
4301,
4299,
4296,
4294,
4291,
4289,
4287,
4284,
4282,
4280,
4277,
4275,
4272,
4270,
4268,
4265,
4263,
4261,
4258,
4256,
4254,
4251,
4249,
4246,
4246,
4245,
4244,
4243,
4243,
4242,
4241,
4240,
4240,
4239,
4238,
4237,
4237,
4236,
4235,
4234,
4233,
4233,
4232,
4231,
4230,
4230,
4229,
4228,
4227,
4227,
4226,
4225,
4224,
4223,
4223,
4222,
4221,
4220,
4220,
4219,
4218,
4217,
4217,
4216,
4213,
4211,
4209,
4206,
4204,
4202,
4199,
4197,
4194,
4192,
4190,
4187,
4185,
4183,
4180,
4178,
4176,
4173,
4171,
4168,
4166,
4164,
4161,
4159,
4157,
4154,
4153,
4151,
4150,
4148,
4147,
4145,
4144,
4142,
4140,
4139,
4137,
4136,
4134,
4133,
4131,
4130,
4128,
4127,
4125,
4124,
4122,
4120,
4119,
4117,
4116,
4114,
4113,
4111,
4110,
4108,
4107,
4105,
4104,
4102,
4101,
4099,
4097,
4096,
4094,
4093,
4089,
4086,
4082,
4079,
4075,
4072,
4068,
4064,
4061,
4057,
4054,
4050,
4047,
4043,
4040,
4036,
4033,
4029,
4025,
4022,
4018,
4015,
4011,
4008,
4004,
4001,
3999,
3998,
3997,
3996,
3995,
3994,
3993,
3992,
3990,
3989,
3988,
3987,
3986,
3985,
3984,
3982,
3981,
3980,
3979,
3978,
3977,
3976,
3974,
3973,
3972,
3971,
3970,
3968,
3965,
3963,
3960,
3958,
3956,
3953,
3951,
3949,
3946,
3944,
3942,
3939,
3937,
3935,
3932,
3930,
3928,
3926,
3923,
3921,
3919,
3916,
3914,
3912,
3910,
3907,
3905,
3903,
3900,
3898,
3896,
3894,
3891,
3889,
3887,
3885,
3882,
3880,
3878,
3877,
3876,
3875,
3875,
3874,
3873,
3872,
3871,
3871,
3870,
3869,
3868,
3867,
3867,
3866,
3865,
3864,
3864,
3863,
3862,
3861,
3860,
3860,
3859,
3858,
3857,
3856,
3856,
3855,
3854,
3853,
3852,
3852,
3851,
3850,
3849,
3849,
3848,
3847,
3840,
3833,
3826,
3819,
3812,
3804,
3797,
3790,
3783,
3776,
3769,
3762,
3755,
3754,
3752,
3751,
3750,
3749,
3748,
3747,
3746,
3745,
3743,
3742,
3741,
3740,
3739,
3738,
3737,
3735,
3734,
3733,
3732,
3731,
3730,
3729,
3727,
3726,
3725,
3724,
3723,
3722,
3722,
3721,
3720,
3719,
3719,
3718,
3717,
3716,
3716,
3715,
3714,
3713,
3713,
3712,
3711,
3710,
3709,
3709,
3708,
3707,
3706,
3706,
3705,
3704,
3703,
3703,
3702,
3701,
3700,
3699,
3699,
3698,
3697,
3696,
3696,
3695,
3694,
3693,
3690,
3686,
3683,
3679,
3676,
3672,
3668,
3665,
3661,
3658,
3654,
3651,
3647,
3644,
3640,
3637,
3633,
3629,
3626,
3622,
3619,
3615,
3612,
3608,
3605,
3601,
3600,
3600,
3599,
3598,
3597,
3596,
3596,
3595,
3594,
3593,
3593,
3592,
3591,
3590,
3590,
3589,
3588,
3587,
3587,
3586,
3585,
3584,
3583,
3583,
3582,
3581,
3580,
3580,
3579,
3578,
3577,
3577,
3576,
3575,
3574,
3573,
3573,
3572,
3571,
3570,
3567,
3563,
3560,
3556,
3553,
3549,
3546,
3542,
3538,
3535,
3531,
3528,
3524,
3521,
3517,
3514,
3510,
3507,
3503,
3499,
3496,
3492,
3489,
3485,
3482,
3478,
3477,
3477,
3476,
3475,
3474,
3474,
3473,
3472,
3471,
3470,
3470,
3469,
3468,
3467,
3467,
3466,
3465,
3464,
3464,
3463,
3462,
3461,
3460,
3460,
3459,
3458,
3457,
3457,
3456,
3455,
3454,
3454,
3453,
3452,
3451,
3451,
3450,
3449,
3448,
3447,
3445,
3443,
3440,
3438,
3436,
3433,
3431,
3429,
3426,
3424,
3421,
3419,
3417,
3416,
3414,
3413,
3412,
3411,
3410,
3409,
3408,
3406,
3405,
3404,
3403,
3402,
3401,
3400,
3398,
3397,
3396,
3395,
3394,
3393,
3392,
3391,
3389,
3388,
3387,
3386,
3384,
3381,
3379,
3377,
3374,
3372,
3369,
3367,
3365,
3362,
3360,
3358,
3355,
3353,
3351,
3348,
3346,
3343,
3341,
3339,
3336,
3334,
3332,
3329,
3327,
3325,
3325,
3325,
3325,
3325,
3325,
3325,
3325,
3325,
3325,
3325,
3325,
3325,
3325,
3322,
3320,
3318,
3316,
3314,
3311,
3309,
3307,
3305,
3303,
3300,
3298,
3296,
3294,
3291,
3289,
3287,
3284,
3282,
3280,
3277,
3275,
3272,
3270,
3268,
3265,
3263,
3263,
3263,
3263,
3263,
3263,
3263,
3263,
3263,
3263,
3263,
3263,
3263,
3263,
3261,
3258,
3256,
3254,
3251,
3249,
3246,
3244,
3242,
3239,
3237,
3235,
3232,
3230,
3228,
3225,
3223,
3220,
3218,
3216,
3213,
3211,
3209,
3206,
3204,
3202,
3201,
3200,
3199,
3198,
3198,
3197,
3196,
3195,
3195,
3194,
3193,
3192,
3192,
3191,
3190,
3189,
3189,
3188,
3187,
3186,
3185,
3185,
3184,
3183,
3182,
3182,
3181,
3180,
3179,
3179,
3178,
3177,
3176,
3175,
3175,
3174,
3173,
3172,
3172,
3171,
3169,
3166,
3164,
3162,
3159,
3157,
3155,
3153,
3150,
3148,
3146,
3144,
3141,
3139,
3137,
3134,
3132,
3130,
3128,
3125,
3123,
3121,
3118,
3116,
3114,
3112,
3109,
3107,
3105,
3102,
3100,
3098,
3095,
3093,
3090,
3088,
3086,
3083,
3081,
3079,
3077,
3076,
3075,
3074,
3073,
3072,
3070,
3069,
3068,
3067,
3066,
3064,
3063,
3062,
3061,
3060,
3059,
3057,
3056,
3055,
3054,
3053,
3051,
3050,
3049,
3048,
3047,
3046,
3046,
3045,
3044,
3043,
3043,
3042,
3041,
3040,
3039,
3039,
3038,
3037,
3036,
3036,
3035,
3034,
3033,
3033,
3032,
3031,
3030,
3029,
3029,
3028,
3027,
3026,
3026,
3025,
3024,
3023,
3023,
3022,
3021,
3020,
3019,
3019,
3018,
3017,
3016,
3015,
3014,
3012,
3011,
3010,
3009,
3008,
3007,
3005,
3004,
3003,
3002,
3001,
2999,
2998,
2997,
2996,
2995,
2994,
2992,
2991,
2990,
2989,
2988,
2986,
2986,
2985,
2984,
2983,
2983,
2982,
2981,
2980,
2980,
2979,
2978,
2977,
2976,
2976,
2975,
2974,
2973,
2973,
2972,
2971,
2970,
2970,
2969,
2968,
2967,
2966,
2966,
2965,
2964,
2963,
2963,
2962,
2961,
2960,
2960,
2959,
2958,
2957,
2956,
2956,
2953,
2951,
2949,
2947,
2944,
2942,
2940,
2937,
2935,
2933,
2931,
2928,
2926,
2924,
2922,
2919,
2917,
2915,
2912,
2910,
2908,
2906,
2903,
2901,
2899,
2897,
2894,
2894,
2893,
2893,
2892,
2891,
2891,
2890,
2890,
2889,
2888,
2888,
2887,
2887,
2886,
2886,
2885,
2884,
2884,
2883,
2883,
2882,
2881,
2881,
2880,
2880,
2879,
2879,
2878,
2877,
2877,
2876,
2876,
2875,
2875,
2874,
2873,
2873,
2872,
2872,
2871,
2870,
2870,
2869,
2869,
2868,
2868,
2867,
2866,
2866,
2865,
2865,
2864,
2864,
2862,
2861,
2860,
2859,
2858,
2856,
2855,
2854,
2853,
2852,
2851,
2849,
2848,
2847,
2846,
2845,
2843,
2842,
2841,
2840,
2839,
2838,
2836,
2835,
2834,
2833,
2830,
2828,
2826,
2823,
2821,
2819,
2816,
2814,
2811,
2809,
2807,
2804,
2802,
2801,
2800,
2799,
2797,
2796,
2795,
2794,
2793,
2792,
2790,
2789,
2788,
2787,
2786,
2785,
2783,
2782,
2781,
2780,
2779,
2778,
2777,
2775,
2774,
2773,
2772,
2771,
2770,
2768,
2767,
2766,
2765,
2764,
2763,
2761,
2760,
2759,
2758,
2757,
2756,
2754,
2753,
2752,
2751,
2750,
2749,
2748,
2746,
2745,
2744,
2743,
2742,
2741,
2738,
2736,
2733,
2731,
2729,
2726,
2724,
2722,
2719,
2717,
2715,
2712,
2710,
2708,
2705,
2703,
2701,
2698,
2696,
2694,
2692,
2689,
2687,
2685,
2683,
2680,
2678,
2676,
2673,
2671,
2669,
2667,
2664,
2662,
2660,
2657,
2655,
2653,
2651,
2648,
2648,
2647,
2646,
2645,
2645,
2644,
2643,
2642,
2641,
2641,
2640,
2639,
2638,
2638,
2637,
2636,
2635,
2635,
2634,
2633,
2632,
2631,
2631,
2630,
2629,
2628,
2628,
2627,
2626,
2625,
2625,
2624,
2623,
2622,
2621,
2621,
2620,
2619,
2618,
2618,
2618,
2618,
2618,
2618,
2618,
2618,
2618,
2618,
2618,
2618,
2618,
2618,
2618,
2616,
2615,
2614,
2613,
2612,
2611,
2609,
2608,
2607,
2606,
2605,
2603,
2602,
2601,
2600,
2599,
2598,
2596,
2595,
2594,
2593,
2592,
2590,
2589,
2588,
2587,
2582,
2577,
2573,
2568,
2563,
2559,
2554,
2549,
2544,
2540,
2535,
2530,
2525,
2525,
2525,
2525,
2525,
2525,
2525,
2525,
2525,
2525,
2525,
2525,
2525,
2525,
2525,
2523,
2521,
2518,
2516,
2514,
2511,
2509,
2507,
2504,
2502,
2499,
2497,
2495,
2492,
2490,
2488,
2485,
2483,
2481,
2478,
2476,
2473,
2471,
2469,
2466,
2464,
2462,
2459,
2457,
2455,
2452,
2450,
2447,
2445,
2443,
2440,
2438,
2436,
2433,
2432,
2432,
2431,
2430,
2429,
2429,
2428,
2427,
2426,
2426,
2425,
2424,
2423,
2422,
2422,
2421,
2420,
2419,
2419,
2418,
2417,
2416,
2416,
2415,
2414,
2413,
2413,
2412,
2411,
2410,
2409,
2409,
2408,
2407,
2406,
2406,
2405,
2404,
2403,
2403,
2400,
2398,
2395,
2393,
2391,
2388,
2386,
2384,
2381,
2379,
2377,
2374,
2372,
2372,
2372,
2372,
2372,
2372,
2372,
2372,
2372,
2372,
2372,
2372,
2372,
2372,
2372,
2369,
2367,
2365,
2362,
2360,
2358,
2355,
2353,
2351,
2348,
2346,
2343,
2341,
2340,
2339,
2338,
2336,
2335,
2334,
2333,
2332,
2330,
2329,
2328,
2327,
2326,
2325,
2323,
2322,
2321,
2320,
2319,
2317,
2316,
2315,
2314,
2313,
2311,
2310,
2309,
2308,
2307,
2306,
2305,
2303,
2302,
2301,
2300,
2299,
2298,
2297,
2296,
2294,
2293,
2292,
2291,
2290,
2289,
2288,
2286,
2285,
2284,
2283,
2282,
2281,
2280,
2277,
2275,
2272,
2270,
2268,
2265,
2263,
2261,
2258,
2256,
2254,
2251,
2249,
2249,
2249,
2249,
2249,
2249,
2249,
2249,
2249,
2249,
2249,
2249,
2249,
2249,
2248,
2247,
2247,
2246,
2245,
2244,
2243,
2243,
2242,
2241,
2240,
2240,
2239,
2238,
2237,
2237,
2236,
2235,
2234,
2233,
2233,
2232,
2231,
2230,
2230,
2229,
2228,
2227,
2227,
2226,
2225,
2224,
2223,
2223,
2222,
2221,
2220,
2220,
2219,
2218,
2216,
2213,
2211,
2209,
2206,
2204,
2202,
2199,
2197,
2194,
2192,
2190,
2187,
2187,
2186,
2185,
2184,
2184,
2183,
2182,
2181,
2180,
2180,
2179,
2178,
2177,
2177,
2176,
2175,
2174,
2174,
2173,
2172,
2171,
2170,
2170,
2169,
2168,
2167,
2167,
2166,
2165,
2164,
2164,
2163,
2162,
2161,
2160,
2160,
2159,
2158,
2157,
2157,
2155,
2154,
2152,
2151,
2149,
2147,
2146,
2144,
2143,
2141,
2140,
2138,
2137,
2135,
2134,
2132,
2131,
2129,
2127,
2126,
2124,
2123,
2121,
2120,
2118,
2117,
2115,
2114,
2112,
2111,
2109,
2107,
2106,
2104,
2103,
2101,
2100,
2098,
2097,
2095,
2095,
2095,
2095,
2095,
2095,
2095,
2095,
2095,
2095,
2095,
2095,
2095,
2095,
2094,
2093,
2092,
2090,
2089,
2088,
2087,
2086,
2085,
2083,
2082,
2081,
2080,
2079,
2077,
2076,
2075,
2074,
2073,
2072,
2070,
2069,
2068,
2067,
2066,
2064,
2062,
2060,
2057,
2055,
2053,
2050,
2048,
2046,
2043,
2041,
2038,
2036,
2034,
2034,
2034,
2034,
2034,
2034,
2034,
2034,
2034,
2034,
2034,
2034,
2034,
2034,
2034,
2031,
2029,
2027,
2024,
2022,
2020,
2017,
2015,
2012,
2010,
2008,
2005,
2003,
2003,
2003,
2003,
2003,
2003,
2003,
2003,
2003,
2003,
2003,
2003,
2003,
2003,
2003,
2003,
2003,
2003,
2003,
2003,
2003,
2003,
2003,
2003,
2003,
2003,
2003,
2001,
1999,
1996,
1994,
1992,
1990,
1988,
1985,
1983,
1981,
1979,
1977,
1974,
1972,
1972,
1972,
1972,
1972,
1972,
1972,
1972,
1972,
1972,
1972,
1972,
1972,
1972,
1972,
1972,
1972,
1972,
1972,
1972,
1972,
1972,
1972,
1972,
1972,
1972,
1942,
1942,
1942,
1942,
1942,
1942,
1942,
1942,
1942,
1942,
1942,
1942,
1942,
1942,
1942,
1942,
1942,
1942,
1942,
1942,
1942,
1942,
1942,
1942,
1942,
1942,
1942,
1911,
1911,
1911,
1911,
1911,
1911,
1911,
1911,
1911,
1911,
1911,
1911,
1911,
1911,
1911,
1911,
1911,
1911,
1911,
1911,
1911,
1911,
1911,
1911,
1911,
1911,
1911,
1911,
1911,
1911,
1911,
1911,
1911,
1911,
1911,
1911,
1911,
1911,
1911,
1911,
1908,
1906,
1904,
1901,
1899,
1897,
1894,
1892,
1890,
1887,
1885,
1882,
1880,
1880,
1880,
1880,
1880,
1880,
1880,
1880,
1880,
1880,
1880,
1880,
1880,
1880,
1880,
1880,
1880,
1880,
1880,
1880,
1880,
1880,
1880,
1880,
1880,
1880,
1880,
1880,
1879,
1879,
1878,
1877,
1876,
1875,
1875,
1874,
1873,
1872,
1872,
1871,
1870,
1869,
1869,
1868,
1867,
1866,
1865,
1865,
1864,
1863,
1862,
1862,
1861,
1860,
1859,
1859,
1858,
1857,
1856,
1855,
1855,
1854,
1853,
1852,
1852,
1851,
1850,
1849,
1849,
1849,
1849,
1849,
1849,
1849,
1849,
1849,
1849,
1849,
1849,
1849,
1849,
1848,
1847,
1846,
1845,
1843,
1842,
1841,
1840,
1839,
1838,
1836,
1835,
1834,
1833,
1832,
1830,
1829,
1828,
1827,
1826,
1824,
1823,
1822,
1821,
1820,
1819,
1819,
1819,
1819,
1819,
1819,
1819,
1819,
1819,
1819,
1819,
1819,
1819,
1819,
1819,
1817,
1816,
1815,
1814,
1813,
1811,
1810,
1809,
1808,
1807,
1806,
1804,
1803,
1802,
1801,
1800,
1798,
1797,
1796,
1795,
1794,
1793,
1791,
1790,
1789,
1788,
1785,
1783,
1781,
1778,
1776,
1774,
1771,
1769,
1767,
1764,
1762,
1759,
1757,
1757,
1757,
1757,
1757,
1757,
1757,
1757,
1757,
1757,
1757,
1757,
1757,
1757,
1757,
1757,
1757,
1757,
1757,
1757,
1757,
1757,
1757,
1757,
1757,
1757,
1757,
1757,
1755,
1752,
1750,
1748,
1745,
1743,
1741,
1738,
1736,
1733,
1731,
1729,
1726,
1726,
1726,
1726,
1726,
1726,
1726,
1726,
1726,
1726,
1726,
1726,
1726,
1726,
1726,
1726,
1726,
1726,
1726,
1726,
1726,
1726,
1726,
1726,
1726,
1726,
1726,
1726,
1726,
1726,
1726,
1726,
1726,
1726,
1726,
1726,
1726,
1726,
1726,
1726,
1726,
1726,
1726,
1726,
1726,
1726,
1726,
1726,
1726,
1726,
1726,
1726,
1726,
1696,
1696,
1696,
1696,
1696,
1696,
1696,
1696,
1696,
1696,
1696,
1696,
1696,
1696,
1696,
1696,
1696,
1696,
1696,
1696,
1696,
1696,
1696,
1696,
1696,
1696,
1696,
1696,
1696,
1696,
1696,
1696,
1696,
1696,
1696,
1696,
1696,
1696,
1696,
1696,
1665,
1665,
1665,
1665,
1665,
1665,
1665,
1665,
1665,
1665,
1665,
1665,
1665,
1665,
1665,
1665,
1665,
1665,
1665,
1665,
1665,
1665,
1665,
1665,
1665,
1665,
1665,
1663,
1660,
1658,
1655,
1653,
1651,
1648,
1646,
1644,
1641,
1639,
1637,
1634,
1634,
1634,
1634,
1634,
1634,
1634,
1634,
1634,
1634,
1634,
1634,
1634,
1634,
1632,
1630,
1628,
1625,
1623,
1621,
1619,
1617,
1614,
1612,
1610,
1608,
1606,
1603,
1603,
1603,
1603,
1603,
1603,
1603,
1603,
1603,
1603,
1603,
1603,
1603,
1603,
1602,
1601,
1600,
1599,
1598,
1596,
1595,
1594,
1593,
1592,
1590,
1589,
1588,
1587,
1586,
1585,
1583,
1582,
1581,
1580,
1579,
1577,
1576,
1575,
1574,
1573,
1573,
1573,
1573,
1573,
1573,
1573,
1573,
1573,
1573,
1573,
1573,
1573,
1573,
1573,
1570,
1568,
1566,
1563,
1561,
1559,
1556,
1554,
1551,
1549,
1547,
1544,
1542,
1540,
1537,
1535,
1533,
1530,
1528,
1525,
1523,
1521,
1518,
1516,
1514,
1511,
1511,
1510,
1510,
1509,
1508,
1508,
1507,
1507,
1506,
1505,
1505,
1504,
1504,
1503,
1503,
1502,
1501,
1501,
1500,
1500,
1499,
1499,
1498,
1497,
1497,
1496,
1496,
1495,
1494,
1494,
1493,
1493,
1492,
1492,
1491,
1490,
1490,
1489,
1489,
1488,
1487,
1487,
1486,
1486,
1485,
1485,
1484,
1483,
1483,
1482,
1482,
1481,
1481,
1480,
1479,
1478,
1477,
1477,
1476,
1475,
1474,
1474,
1473,
1472,
1471,
1471,
1470,
1469,
1468,
1467,
1467,
1466,
1465,
1464,
1464,
1463,
1462,
1461,
1461,
1460,
1459,
1458,
1457,
1457,
1456,
1455,
1454,
1454,
1453,
1452,
1451,
1451,
1450,
1449,
1448,
1447,
1447,
1446,
1445,
1444,
1443,
1443,
1442,
1441,
1440,
1440,
1439,
1438,
1437,
1436,
1436,
1435,
1434,
1433,
1432,
1432,
1431,
1430,
1429,
1429,
1428,
1427,
1426,
1425,
1425,
1424,
1423,
1422,
1421,
1421,
1420,
1419,
1418,
1416,
1414,
1413,
1411,
1410,
1408,
1407,
1405,
1404,
1402,
1401,
1399,
1398,
1396,
1394,
1393,
1391,
1390,
1388,
1387,
1385,
1384,
1382,
1381,
1379,
1378,
1376,
1374,
1373,
1371,
1370,
1368,
1367,
1365,
1364,
1362,
1361,
1359,
1358,
1356,
1355,
1354,
1353,
1352,
1351,
1349,
1348,
1347,
1346,
1345,
1344,
1343,
1341,
1340,
1339,
1338,
1337,
1336,
1334,
1333,
1332,
1331,
1330,
1329,
1327,
1326,
1325,
1324,
1323,
1322,
1320,
1319,
1318,
1317,
1316,
1315,
1314,
1312,
1311,
1310,
1309,
1308,
1307,
1305,
1304,
1303,
1302,
1301,
1300,
1298,
1297,
1296,
1295,
1294,
1293,
1291,
1290,
1289,
1288,
1287,
1286,
1285,
1283,
1282,
1281,
1280,
1279,
1278,
1276,
1275,
1274,
1273,
1272,
1271,
1269,
1268,
1267,
1266,
1265,
1264,
1262,
1261,
1260,
1259,
1258,
1257,
1256,
1254,
1253,
1252,
1251,
1250,
1249,
1247,
1246,
1245,
1244,
1243,
1242,
1240,
1239,
1238,
1237,
1236,
1235,
1235,
1235,
1235,
1235,
1235,
1235,
1235,
1235,
1235,
1235,
1235,
1235,
1235,
1235,
1235,
1235,
1235,
1235,
1235,
1235,
1235,
1235,
1235,
1235,
1235,
1235,
1234,
1232,
1231,
1230,
1229,
1228,
1227,
1225,
1224,
1223,
1222,
1221,
1220,
1218,
1217,
1216,
1215,
1214,
1213,
1211,
1210,
1209,
1208,
1207,
1206,
1205,
1203,
1202,
1201,
1200,
1199,
1198,
1196,
1195,
1194,
1193,
1192,
1191,
1189,
1188,
1187,
1186,
1185,
1184,
1182,
1181,
1180,
1179,
1178,
1177,
1176,
1174,
1173,
1171,
1169,
1167,
1164,
1162,
1160,
1158,
1156,
1153,
1151,
1149,
1147,
1145,
1142,
1141,
1140,
1139,
1138,
1137,
1135,
1134,
1133,
1132,
1131,
1129,
1128,
1127,
1126,
1125,
1124,
1122,
1121,
1120,
1119,
1118,
1116,
1115,
1114,
1113,
1112,
1109,
1107,
1105,
1102,
1100,
1098,
1095,
1093,
1090,
1088,
1086,
1083,
1081,
1081,
1081,
1081,
1081,
1081,
1081,
1081,
1081,
1081,
1081,
1081,
1081,
1081,
1081,
1081,
1081,
1081,
1081,
1081,
1081,
1081,
1081,
1081,
1081,
1081,
1081,
1081,
1079,
1076,
1074,
1072,
1069,
1067,
1064,
1062,
1060,
1057,
1055,
1053,
1050,
1050,
1050,
1050,
1050,
1050,
1050,
1050,
1050,
1050,
1050,
1050,
1050,
1050,
1049,
1048,
1047,
1046,
1045,
1043,
1042,
1041,
1040,
1039,
1038,
1037,
1035,
1034,
1033,
1032,
1031,
1030,
1029,
1028,
1026,
1025,
1024,
1023,
1022,
1021,
1020,
1019,
1018,
1017,
1016,
1016,
1015,
1014,
1013,
1012,
1012,
1011,
1010,
1009,
1008,
1008,
1007,
1006,
1005,
1005,
1004,
1003,
1002,
1001,
1001,
1000,
999,
998,
997,
997,
996,
995,
994,
994,
993,
992,
991,
990,
990,
989,
989,
989,
989,
989,
989,
989,
989,
989,
989,
989,
989,
989,
989,
989,
989,
989,
989,
989,
989,
989,
989,
989,
989,
989,
989,
989,
989,
986,
984,
982,
979,
977,
975,
972,
970,
968,
965,
963,
960,
958,
958,
958,
958,
958,
958,
958,
958,
958,
958,
958,
958,
958,
958,
958,
958,
958,
958,
958,
958,
958,
958,
958,
958,
958,
958,
958,
956,
954,
951,
949,
947,
945,
943,
941,
938,
936,
934,
932,
930,
927,
927,
927,
927,
927,
927,
927,
927,
927,
927,
927,
927,
927,
927,
927,
927,
927,
927,
927,
927,
927,
927,
927,
927,
927,
927,
927,
927,
927,
927,
927,
927,
927,
927,
927,
927,
927,
927,
927,
927,
927,
927,
927,
927,
927,
927,
927,
927,
927,
927,
927,
927,
927,
927,
925,
923,
920,
918,
916,
913,
911,
908,
906,
904,
901,
899,
897,
897,
897,
897,
897,
897,
897,
897,
897,
897,
897,
897,
897,
897,
897,
897,
897,
897,
897,
897,
897,
897,
897,
897,
897,
897,
897,
897,
897,
897,
897,
897,
897,
897,
897,
897,
897,
897,
897,
897,
897,
897,
897,
897,
897,
897,
897,
897,
897,
897,
897,
897,
897,
897,
896,
895,
894,
894,
893,
892,
891,
890,
890,
889,
888,
887,
887,
886,
885,
884,
884,
883,
882,
881,
880,
880,
879,
878,
877,
877,
876,
875,
874,
874,
873,
872,
871,
870,
870,
869,
868,
867,
867,
866,
866,
866,
866,
866,
866,
866,
866,
866,
866,
866,
866,
866,
866,
866,
866,
866,
866,
866,
866,
866,
866,
866,
866,
866,
866,
866,
866,
866,
866,
866,
866,
866,
866,
866,
866,
866,
866,
866,
866,
866,
866,
866,
866,
866,
866,
866,
866,
866,
866,
866,
866,
866,
866,
866,
866,
866,
866,
866,
866,
866,
866,
866,
866,
866,
866,
866,
866,
866,
866,
866,
866,
866,
866,
866,
866,
866,
866,
866,
866,
866,
866,
866,
866,
866,
866,
866,
866,
866,
866,
866,
866,
866,
865,
864,
862,
861,
860,
859,
858,
857,
855,
854,
853,
852,
851,
850,
848,
847,
846,
845,
844,
843,
842,
840,
839,
838,
837,
836,
835,
833,
832,
831,
830,
829,
828,
826,
825,
824,
823,
822,
821,
819,
818,
817,
816,
815,
814,
813,
811,
810,
809,
808,
807,
806,
804,
804,
804,
804,
804,
804,
804,
804,
804,
804,
804,
804,
804,
804,
804,
804,
804,
804,
804,
804,
804,
804,
804,
804,
804,
804,
804,
804,
804,
804,
804,
804,
804,
804,
804,
804,
804,
804,
804,
804,
804,
804,
804,
804,
804,
804,
804,
804,
804,
804,
804,
804,
804,
804,
804,
804,
804,
804,
804,
804,
804,
804,
804,
804,
804,
804,
804,
804,
804,
804,
804,
804,
804,
804,
804,
804,
804,
804,
804,
804,
804,
804,
804,
804,
804,
804,
804,
804,
804,
804,
804,
804,
804,
804,
804,
804,
804,
804,
804,
804,
804,
804,
804,
804,
804,
804,
804,
804,
804,
804,
804,
804,
804,
804,
804,
804,
804,
804,
804,
804,
804,
804,
804,
804,
804,
804,
804,
804,
804,
804,
804,
804,
804,
804,
803,
803,
802,
802,
801,
800,
800,
799,
799,
798,
797,
797,
796,
796,
795,
795,
794,
793,
793,
792,
792,
791,
790,
790,
789,
789,
788,
788,
787,
786,
786,
785,
785,
784,
784,
783,
782,
782,
781,
781,
780,
779,
779,
778,
778,
777,
777,
776,
775,
775,
774,
774,
774,
774,
774,
774,
774,
774,
774,
774,
774,
774,
774,
774,
774,
774,
772,
771,
770,
769,
768,
767,
765,
764,
763,
762,
761,
759,
758,
757,
756,
755,
754,
752,
751,
750,
749,
748,
746,
745,
744,
743,
743,
743,
743,
743,
743,
743,
743,
743,
743,
743,
743,
743,
743,
743,
743,
743,
743,
743,
743,
743,
743,
743,
743,
743,
743,
743,
743,
743,
743,
743,
743,
743,
743,
743,
743,
743,
743,
743,
743,
743,
743,
743,
743,
743,
743,
743,
743,
743,
743,
743,
743,
743,
743,
743,
743,
743,
743,
743,
743,
743,
743,
743,
743,
743,
743,
743,
742,
741,
741,
740,
739,
738,
738,
737,
736,
735,
734,
734,
733,
732,
731,
731,
730,
729,
728,
728,
727,
726,
725,
724,
724,
723,
722,
721,
721,
720,
719,
718,
718,
717,
716,
715,
715,
714,
713,
712,
712,
712,
712,
712,
712,
712,
712,
712,
712,
712,
712,
712,
712,
712,
712,
712,
712,
712,
712,
712,
712,
712,
712,
712,
712,
712,
712,
712,
712,
712,
712,
712,
712,
712,
712,
712,
712,
712,
712,
712,
712,
712,
712,
712,
712,
712,
712,
712,
712,
712,
712,
712,
712,
712,
712,
712,
712,
712,
712,
712,
712,
712,
712,
712,
712,
681,
681,
681,
681,
681,
681,
681,
681,
681,
681,
681,
681,
681,
681,
681,
681,
681,
681,
681,
681,
681,
681,
681,
681,
681,
681,
681,
681,
681,
681,
681,
681,
681,
681,
681,
681,
681,
681,
681,
681,
681,
679,
677,
674,
672,
670,
667,
665,
663,
660,
658,
655,
653,
651,
651,
651,
651,
651,
651,
651,
651,
651,
651,
651,
651,
651,
651,
651,
651,
651,
651,
651,
651,
651,
651,
651,
651,
651,
651,
651,
651,
651,
651,
651,
651,
651,
651,
651,
651,
651,
651,
651,
651,
651,
651,
651,
651,
651,
651,
651,
651,
651,
651,
651,
651,
651,
651,
651,
651,
651,
651,
651,
651,
651,
651,
651,
651,
651,
651,
651,
651,
651,
651,
651,
651,
651,
651,
651,
651,
651,
651,
651,
651,
651,
651,
651,
651,
651,
651,
651,
651,
651,
651,
651,
651,
651,
651,
651,
651,
651,
651,
651,
651,
651,
651,
651,
651,
651,
651,
651,
651,
651,
651,
651,
651,
651,
651,
651,
651,
651,
651,
651,
651,
648,
646,
644,
641,
639,
637,
634,
632,
629,
627,
625,
622,
620,
620,
620,
620,
620,
620,
620,
620,
620,
620,
620,
620,
620,
620,
620,
620,
620,
620,
620,
620,
620,
620,
620,
620,
620,
620,
620,
620,
620,
620,
620,
620,
620,
620,
620,
620,
620,
620,
620,
620,
620,
620,
620,
620,
620,
620,
620,
620,
620,
620,
620,
620,
620,
620,
620,
620,
620,
620,
620,
620,
620,
620,
620,
620,
620,
620,
620,
620,
620,
620,
620,
620,
620,
620,
620,
620,
620,
620,
620,
620,
620,
620,
620,
620,
620,
620,
620,
620,
620,
620,
620,
620,
620,
620,
618,
617,
615,
614,
612,
611,
609,
608,
606,
605,
603,
602,
600,
598,
597,
595,
594,
592,
591,
589,
588,
586,
585,
583,
582,
580,
579,
577,
575,
574,
572,
571,
569,
568,
566,
565,
563,
562,
560,
559,
559,
559,
559,
559,
559,
559,
559,
559,
559,
559,
559,
559,
559,
559,
559,
559,
559,
559,
559,
559,
559,
559,
559,
559,
559,
559,
558,
557,
557,
556,
556,
555,
554,
554,
553,
553,
552,
552,
551,
550,
550,
549,
549,
548,
548,
547,
546,
546,
545,
545,
544,
543,
543,
542,
542,
541,
541,
540,
539,
539,
538,
538,
537,
537,
536,
535,
535,
534,
534,
533,
532,
532,
531,
531,
530,
530,
529,
528,
528,
528,
528,
528,
528,
528,
528,
528,
528,
528,
528,
528,
528,
528,
528,
528,
528,
528,
528,
528,
528,
528,
528,
528,
528,
528,
528,
528,
528,
528,
528,
528,
528,
528,
528,
528,
528,
528,
528,
528,
528,
528,
528,
528,
528,
528,
528,
528,
528,
528,
528,
528,
528,
528,
528,
528,
528,
528,
528,
528,
528,
528,
528,
528,
528,
528,
528,
528,
528,
528,
528,
528,
528,
528,
528,
528,
528,
528,
528,
528,
527,
526,
524,
523,
522,
521,
520,
519,
518,
516,
515,
514,
513,
512,
511,
510,
508,
507,
506,
505,
504,
503,
502,
500,
499,
498,
497,
497,
497,
497,
497,
497,
497,
497,
497,
497,
497,
497,
497,
497,
497,
497,
497,
497,
497,
497,
497,
497,
497,
497,
497,
497,
497,
497,
497,
497,
497,
497,
497,
497,
497,
497,
497,
497,
497,
497,
497,
497,
497,
497,
497,
497,
497,
497,
497,
497,
497,
497,
497,
497,
497,
497,
497,
497,
497,
497,
497,
497,
497,
497,
497,
497,
497,
497,
497,
497,
497,
497,
497,
497,
497,
497,
497,
497,
497,
497,
497,
497,
497,
497,
497,
497,
497,
497,
497,
497,
497,
497,
497,
497,
497,
497,
497,
497,
497,
497,
497,
497,
497,
497,
497,
497,
497,
497,
497,
497,
497,
497,
497,
497,
497,
497,
497,
497,
497,
497,
497,
497,
497,
497,
497,
497,
497,
497,
497,
497,
497,
497,
497,
495,
492,
490,
488,
485,
483,
481,
478,
476,
473,
471,
469,
466,
466,
466,
466,
466,
466,
466,
466,
466,
466,
466,
466,
466,
466,
466,
466,
466,
466,
466,
466,
466,
466,
466,
466,
466,
466,
466,
466,
466,
466,
466,
466,
466,
466,
466,
466,
466,
466,
466,
466,
466,
466,
466,
466,
466,
466,
466,
466,
466,
466,
466,
466,
466,
466,
466,
466,
466,
466,
466,
466,
466,
466,
466,
466,
466,
466,
466,
466,
466,
466,
466,
466,
466,
466,
466,
466,
466,
466,
466,
466,
466,
466,
466,
466,
466,
466,
466,
466,
466,
466,
466,
466,
466,
466,
466,
466,
466,
466,
466,
466,
466,
466,
466,
466,
466,
466,
466,
465,
464,
463,
462,
461,
460,
458,
457,
456,
455,
454,
453,
452,
450,
449,
448,
447,
446,
445,
444,
442,
441,
440,
439,
438,
437,
436,
436,
436,
436,
436,
436,
436,
436,
436,
436,
436,
436,
436,
436,
436,
436,
436,
436,
436,
436,
436,
436,
436,
436,
436,
436,
436,
436,
436,
436,
436,
436,
436,
436,
436,
436,
436,
436,
436,
436,
436,
436,
436,
436,
436,
436,
436,
436,
436,
436,
436,
436,
436,
436,
436,
436,
436,
436,
436,
436,
436,
436,
436,
436,
436,
436,
436,
436,
436,
436,
436,
436,
436,
436,
436,
436,
436,
436,
436,
436,
436,
436,
436,
436,
436,
436,
436,
436,
436,
436,
436,
436,
436,
436,
436,
436,
436,
436,
436,
436,
436,
436,
436,
436,
436,
436,
436,
436,
436,
436,
436,
436,
436,
436,
436,
436,
436,
436,
436,
436,
436,
436,
436,
436,
436,
436,
436,
436,
436,
436,
436,
436,
436,
436,
436,
436,
436,
436,
436,
436,
436,
436,
436,
436,
436,
436,
433,
431,
429,
427,
424,
422,
420,
417,
415,
413,
411,
408,
406,
404,
401,
399,
397,
395,
392,
390,
388,
386,
383,
381,
379,
376,
374,
374,
374,
374,
374,
374,
374,
374,
374,
374,
374,
374,
374,
374,
374,
374,
374,
374,
374,
374,
374,
374,
374,
374,
374,
374,
374,
374,
374,
374,
374,
374,
374,
374,
374,
374,
374,
374,
374,
374,
374,
374,
374,
374,
374,
374,
374,
374,
374,
374,
374,
374,
374,
374,
374,
374,
374,
374,
374,
374,
374,
374,
374,
374,
374,
374,
374,
374,
374,
374,
374,
374,
374,
374,
374,
374,
374,
374,
374,
374,
374,
374,
374,
374,
374,
374,
374,
374,
374,
374,
374,
374,
374,
374,
374,
374,
374,
374,
374,
374,
374,
374,
374,
374,
374,
374,
374,
374,
374,
374,
374,
374,
374,
374,
374,
374,
374,
374,
374,
374,
374,
374,
374,
374,
374,
374,
374,
374,
374,
374,
374,
374,
374,
374,
374,
374,
374,
374,
374,
374,
374,
374,
374,
374,
374,
374,
374,
374,
374,
374,
374,
374,
374,
374,
374,
374,
374,
374,
374,
374,
374,
374,
374,
374,
374,
374,
374,
374,
374,
374,
374,
374,
374,
374,
374,
374,
374,
374,
374,
374,
374,
374,
374,
374,
374,
374,
374,
374,
374,
374,
374,
374,
374,
374,
374,
374,
374,
374,
374,
374,
374,
374,
374,
374,
374,
374,
374,
374,
374,
374,
374,
374,
374,
374,
374,
374,
374,
374,
374,
374,
374,
374,
374,
374,
374,
374,
374,
374,
374,
374,
374,
374,
374,
374,
374,
374,
374,
374,
374,
374,
374,
374,
374,
374,
374,
374,
374,
374,
374,
374,
374,
374,
374,
374,
374,
374,
374,
374,
374,
374,
374,
374,
374,
374,
374,
374,
374,
374,
374,
374,
374,
374,
374,
374,
374,
374,
374,
374,
374,
374,
374,
374,
374,
374,
374,
374,
374,
374,
374,
374,
374,
374,
374,
374,
374,
374,
374,
374,
374,
374,
374,
374,
374,
374,
374,
374,
374,
374,
374,
374,
374,
374,
374,
374,
374,
374,
374,
374,
374,
374,
374,
374,
374,
374,
374,
374,
374,
374,
374,
374,
374,
374,
374,
374,
374,
374,
374,
374,
374,
374,
374,
374,
374,
374,
374,
374,
374,
374,
374,
374,
374,
374,
374,
374,
374,
374,
374,
405,
405,
405,
405,
405,
405,
405,
405,
405,
405,
405,
405,
405,
405,
405,
405,
405,
405,
405,
405,
405,
405,
405,
405,
405,
405,
405,
405,
405,
405,
405,
405,
405,
405,
405,
405,
405,
405,
405,
405,
405,
405,
405,
405,
405,
405,
405,
405,
405,
405,
405,
405,
405,
405,
405,
405,
405,
405,
405,
405,
405,
405,
405,
405,
405,
405,
405,
405,
405,
405,
405,
405,
405,
405,
405,
405,
405,
405,
405,
405,
405,
405,
405,
405,
405,
405,
405,
405,
405,
405,
405,
405,
405,
405,
405,
405,
405,
405,
405,
405,
405,
405,
405,
405,
405,
405,
405,
405,
405,
405,
405,
405,
405,
405,
405,
405,
405,
405,
405,
405,
405,
405,
405,
405,
405,
405,
405,
405,
405,
405,
405,
405,
405,
405,
405,
405,
405,
405,
405,
405,
405,
405,
405,
405,
405,
405,
405,
405,
405,
405,
405,
405,
405,
405,
405,
405,
405,
405,
405,
405,
405,
405,
405,
405,
405,
405,
405,
405,
405,
405,
405,
405,
405,
405,
405,
405,
405,
405,
405,
405,
405,
405,
405,
405,
405,
405,
405,
405,
405,
405,
405,
405,
405,
405,
405,
405,
405,
405,
405,
405,
405,
405,
405,
405,
405,
405,
405,
405,
405,
405,
405,
405,
405,
404,
403,
401,
400,
399,
398,
397,
395,
394,
393,
392,
391,
390,
388,
387,
386,
385,
384,
382,
381,
380,
379,
378,
377,
375,
374,
374,
374,
374,
374,
374,
374,
374,
374,
374,
374,
374,
374,
374,
374,
374,
374,
374,
374,
374,
374,
374,
374,
374,
374,
374,
374,
374,
374,
374,
374,
374,
374,
374,
374,
374,
374,
374,
374,
374,
374,
374,
374,
374,
374,
374,
374,
374,
374,
374,
374,
374,
374,
374,
374,
374,
374,
374,
374,
374,
374,
374,
374,
374,
374,
374,
374,
374,
374,
374,
374,
374,
374,
374,
374,
374,
374,
374,
374,
374,
374,
374,
374,
374,
374,
374,
374,
374,
374,
374,
374,
374,
374,
374,
374,
374,
374,
374,
374,
374,
374,
374,
374,
374,
374,
374,
374,
374,
374,
374,
374,
374,
374,
374,
374,
374,
374,
374,
374,
374,
374,
374,
374,
374,
374,
374,
374,
374,
374,
374,
374,
374,
374,
374,
374,
374,
374,
374,
374,
374,
374,
374,
374,
374,
374,
374,
374,
374,
374,
374,
374,
374,
374,
374,
374,
374,
374,
374,
374,
374,
374,
374,
374,
374,
374,
374,
374,
374,
374,
374,
374,
374,
374,
374,
374,
374,
374,
374,
374,
374,
374,
374,
374,
374,
374,
374,
374,
374,
374,
374,
374,
374,
374,
374,
374,
374,
374,
374,
374,
374,
374,
373,
372,
372,
371,
371,
370,
369,
369,
368,
368,
367,
366,
366,
365,
365,
364,
364,
363,
362,
362,
361,
361,
360,
359,
359,
358,
358,
357,
356,
356,
355,
355,
354,
353,
353,
352,
352,
351,
350,
350,
349,
349,
348,
348,
347,
346,
346,
345,
345,
344,
343,
343,
343,
343,
343,
343,
343,
343,
343,
343,
343,
343,
343,
343,
343,
343,
343,
343,
343,
343,
343,
343,
343,
343,
343,
343,
343,
343,
343,
343,
343,
343,
343,
343,
343,
343,
343,
343,
343,
343,
343,
343,
343,
343,
343,
343,
343,
343,
343,
343,
343,
343,
343,
343,
343,
343,
343,
343,
343,
343,
343,
343,
343,
343,
343,
343,
343,
343,
343,
343,
343,
343,
343,
343,
343,
343,
343,
343,
343,
343,
343,
343,
343,
343,
343,
343,
343,
343,
343,
343,
343,
343,
343,
343,
343,
343,
343,
343,
343,
343,
343,
343,
343,
343,
343,
343,
343,
343,
343,
343,
343,
343,
343,
343,
343,
343,
343,
343,
343,
343,
343,
343,
343,
343,
343,
343,
343,
343,
343,
343,
343,
343,
343,
343,
343,
343,
343,
343,
343,
343,
343,
343,
343,
343,
343,
343,
343,
343,
343,
343,
343,
343,
343,
343,
343,
343,
343,
343,
343,
343,
343,
343,
343,
343,
343,
343,
343,
343,
343,
343,
343,
343,
343,
343,
343,
343,
343,
343,
343,
343,
343,
343,
343,
343,
343,
343,
343,
342,
341,
340,
339,
337,
336,
335,
334,
333,
332,
330,
329,
328,
327,
326,
324,
323,
322,
321,
320,
319,
317,
316,
315,
314,
313,
313,
313,
313,
313,
313,
313,
313,
313,
313,
313,
313,
313,
313,
313,
313,
313,
313,
313,
313,
313,
313,
313,
313,
313,
313,
313,
313,
313,
313,
313,
313,
313,
313,
313,
313,
313,
313,
313,
313,
313,
313,
313,
313,
313,
313,
313,
313,
313,
313,
313,
313,
313,
313,
313,
313,
313,
313,
313,
313,
313,
313,
313,
313,
313,
313,
313,
313,
313,
313,
313,
313,
313,
313,
313,
313,
313,
313,
313,
313,
313,
313,
313,
313,
313,
313,
313,
313,
313,
313,
313,
313,
313,
313,
313,
313,
313,
313,
313,
313,
313,
313,
313,
313,
313,
313,
313,
313,
313,
313,
313,
313,
313,
313,
313,
313,
313,
313,
313,
313,
313,
313,
313,
313,
313,
313,
313,
313,
313,
313,
313,
313,
313,
313,
313,
313,
313,
313,
313,
313,
313,
313,
313,
313,
313,
313,
313,
313,
313,
313,
313,
313,
313,
313,
313,
313,
313,
313,
313,
313,
313,
313,
313,
313,
313,
313,
313,
313,
313,
313,
313,
313,
313,
313,
313,
313,
313,
313,
313,
313,
313,
313,
313,
313,
313,
313,
313,
313,
313,
313,
313,
313,
313,
313,
313,
313,
313,
313,
313,
313,
310,
308,
306,
303,
301,
298,
296,
294,
291,
289,
287,
284,
282,
282,
282,
282,
282,
282,
282,
282,
282,
282,
282,
282,
282,
282,
282,
282,
282,
282,
282,
282,
282,
282,
282,
282,
282,
282,
282,
282,
282,
282,
282,
282,
282,
282,
282,
282,
282,
282,
282,
282,
251,
251,
251,
251,
251,
251,
251,
251,
251,
251,
251,
251,
251,
251,
